{"cameraMode":{"drawMode":0,"name":"Shaded","section":"Shading Mode"},"sceneLighting":false,"audioPlay":false,"sceneViewState":{"showFog":true,"showMaterialUpdate":false,"showSkybox":false,"showFlares":true,"showImageEffects":true,"showParticleSystems":true},"in2DMode":false,"pivot":{"x":28.270214080810548,"y":-20.106216430664064,"z":5.330209732055664},"rotation":{"x":0.2479044646024704,"y":0.5767732858657837,"z":-0.18919292092323304,"w":0.7551725506782532},"size":71.9115219116211,"orthographic":false}