{"cameraMode":{"drawMode":0,"name":"Shaded","section":"Shading Mode"},"sceneLighting":false,"audioPlay":false,"sceneViewState":{"showFog":true,"showMaterialUpdate":false,"showSkybox":false,"showFlares":true,"showImageEffects":true,"showParticleSystems":true},"in2DMode":false,"pivot":{"x":-3.6192333698272707,"y":18.58706283569336,"z":-0.026363372802734376},"rotation":{"x":-0.004166881088167429,"y":-0.1137622594833374,"z":-0.00044854264706373215,"w":0.9935396909713745},"size":16.786710739135743,"orthographic":false}