{"cameraMode":{"drawMode":0,"name":"Shaded","section":"Shading Mode"},"sceneLighting":false,"audioPlay":false,"sceneViewState":{"showFog":true,"showMaterialUpdate":false,"showSkybox":false,"showFlares":true,"showImageEffects":true,"showParticleSystems":true},"in2DMode":false,"pivot":{"x":5.226754188537598,"y":3.634195327758789,"z":28.25659942626953},"rotation":{"x":-0.2106124758720398,"y":-0.18840688467025758,"z":0.04136631637811661,"w":-0.9583976864814758},"size":20.57475471496582,"orthographic":false}