{"cameraMode":{"drawMode":0,"name":"Shaded","section":"Shading Mode"},"sceneLighting":false,"audioPlay":false,"sceneViewState":{"showFog":true,"showMaterialUpdate":false,"showSkybox":false,"showFlares":true,"showImageEffects":true,"showParticleSystems":true},"in2DMode":false,"pivot":{"x":12.240553855895996,"y":-81.18561553955078,"z":280.79779052734377},"rotation":{"x":-0.15950721502304078,"y":-0.01807238534092903,"z":0.0028918979223817589,"w":-0.9870872497558594},"size":298.2734069824219,"orthographic":false}