{"cameraMode":{"drawMode":0,"name":"Shaded","section":"Shading Mode"},"sceneLighting":true,"audioPlay":false,"sceneViewState":{"showFog":true,"showMaterialUpdate":true,"showSkybox":true,"showFlares":true,"showImageEffects":true,"showParticleSystems":true},"in2DMode":false,"pivot":{"x":9.481045722961426,"y":-13.079221725463868,"z":113.77300262451172},"rotation":{"x":-0.08716845512390137,"y":-0.026297906413674356,"z":0.0023014589678496124,"w":-0.9958454370498657},"size":127.23393249511719,"orthographic":false}