{"cameraMode":{"drawMode":0,"name":"Shaded","section":"Shading Mode"},"sceneLighting":false,"audioPlay":false,"sceneViewState":{"showFog":false,"showMaterialUpdate":false,"showSkybox":false,"showFlares":false,"showImageEffects":false,"showParticleSystems":false},"in2DMode":false,"pivot":{"x":-67.8327407836914,"y":-74.57986450195313,"z":182.3400115966797},"rotation":{"x":0.21469098329544068,"y":-0.19307266175746919,"z":0.043337881565093997,"w":0.9564293026924133},"size":237.5503692626953,"orthographic":false}