{"cameraMode":{"drawMode":0,"name":"Shaded","section":"Shading Mode"},"sceneLighting":false,"audioPlay":false,"sceneViewState":{"showFog":true,"showMaterialUpdate":false,"showSkybox":false,"showFlares":true,"showImageEffects":true,"showParticleSystems":true},"in2DMode":false,"pivot":{"x":-56.77989959716797,"y":-29.610790252685548,"z":123.86880493164063},"rotation":{"x":0.1593112349510193,"y":-0.2470802217721939,"z":0.04122171923518181,"w":0.9549214839935303},"size":172.21083068847657,"orthographic":false}