{"cameraMode":{"drawMode":0,"name":"Shaded","section":"Shading Mode"},"sceneLighting":false,"audioPlay":false,"sceneViewState":{"showFog":true,"showMaterialUpdate":false,"showSkybox":false,"showFlares":true,"showImageEffects":true,"showParticleSystems":true},"in2DMode":false,"pivot":{"x":-0.2851110100746155,"y":-1.8339765071868897,"z":2.452385425567627},"rotation":{"x":0.15758489072322846,"y":-0.11348132789134979,"z":0.018235238268971444,"w":0.9807962775230408},"size":8.15921688079834,"orthographic":false}