{"cameraMode":{"drawMode":0,"name":"Shaded","section":"Shading Mode"},"sceneLighting":false,"audioPlay":false,"sceneViewState":{"showFog":true,"showMaterialUpdate":false,"showSkybox":false,"showFlares":true,"showImageEffects":true,"showParticleSystems":true},"in2DMode":false,"pivot":{"x":-101.38319396972656,"y":-17.253372192382814,"z":198.38624572753907},"rotation":{"x":0.07147227972745896,"y":-0.6781571507453919,"z":0.06654306501150131,"w":0.7284023761749268},"size":204.8506317138672,"orthographic":false}