{"cameraMode":{"drawMode":0,"name":"Shaded","section":"Shading Mode"},"sceneLighting":false,"audioPlay":false,"sceneViewState":{"showFog":true,"showMaterialUpdate":true,"showSkybox":false,"showFlares":true,"showImageEffects":true,"showParticleSystems":true},"in2DMode":false,"pivot":{"x":-1.4654837846755982,"y":-1.0437251329421998,"z":-0.26412487030029299},"rotation":{"x":-0.15155796706676484,"y":0.18184097111225129,"z":-0.028378259390592576,"w":-0.9711633324623108},"size":11.856576919555664,"orthographic":false}