{"cameraMode":{"drawMode":0,"name":"Shaded","section":"Shading Mode"},"sceneLighting":false,"audioPlay":false,"sceneViewState":{"showFog":true,"showMaterialUpdate":false,"showSkybox":false,"showFlares":true,"showImageEffects":true,"showParticleSystems":true},"in2DMode":false,"pivot":{"x":-2.3142759799957277,"y":-19.73018455505371,"z":91.1436538696289},"rotation":{"x":0.18960727751255036,"y":-0.02178618311882019,"z":0.004208655096590519,"w":0.9816107749938965},"size":102.90235137939453,"orthographic":false}