{"cameraMode":{"drawMode":0,"name":"Shaded","section":"Shading Mode"},"sceneLighting":false,"audioPlay":false,"sceneViewState":{"showFog":true,"showMaterialUpdate":false,"showSkybox":false,"showFlares":true,"showImageEffects":true,"showParticleSystems":true},"in2DMode":false,"pivot":{"x":-8.24195671081543,"y":-8.067218780517579,"z":95.99866485595703},"rotation":{"x":0.1327810138463974,"y":-0.09617024660110474,"z":0.012946750037372113,"w":0.9863845109939575},"size":125.60160064697266,"orthographic":false}