{"cameraMode":{"drawMode":0,"name":"Shaded","section":"Shading Mode"},"sceneLighting":false,"audioPlay":false,"sceneViewState":{"showFog":true,"showMaterialUpdate":true,"showSkybox":false,"showFlares":true,"showImageEffects":true,"showParticleSystems":true},"in2DMode":false,"pivot":{"x":-1.7104320526123047,"y":0.8513646125793457,"z":53.254459381103519},"rotation":{"x":-0.1827242374420166,"y":0.3101642429828644,"z":-0.06087736412882805,"w":-0.930969774723053},"size":2.984833240509033,"orthographic":false}