{"cameraMode":{"drawMode":0,"name":"Shaded","section":"Shading Mode"},"sceneLighting":false,"audioPlay":false,"sceneViewState":{"showFog":true,"showMaterialUpdate":false,"showSkybox":false,"showFlares":true,"showImageEffects":true,"showParticleSystems":true},"in2DMode":false,"pivot":{"x":0.6700000762939453,"y":18.200000762939454,"z":105.0936279296875},"rotation":{"x":0.1327810138463974,"y":-0.09617024660110474,"z":0.012946750037372113,"w":0.9863845109939575},"size":346.6462097167969,"orthographic":false}