{"cameraMode":{"drawMode":0,"name":"Shaded","section":"Shading Mode"},"sceneLighting":false,"audioPlay":false,"sceneViewState":{"showFog":false,"showMaterialUpdate":false,"showSkybox":false,"showFlares":false,"showImageEffects":false,"showParticleSystems":false},"in2DMode":false,"pivot":{"x":-64.43869018554688,"y":-8.722543716430664,"z":133.25189208984376},"rotation":{"x":0.09438658505678177,"y":-0.24469536542892457,"z":0.023885300382971765,"w":0.9648392796516419},"size":189.38832092285157,"orthographic":false}