{"cameraMode":{"drawMode":0,"name":"Shaded","section":"Shading Mode"},"sceneLighting":false,"audioPlay":false,"sceneViewState":{"showFog":false,"showMaterialUpdate":false,"showSkybox":false,"showFlares":false,"showImageEffects":false,"showParticleSystems":false},"in2DMode":false,"pivot":{"x":-2.363583564758301,"y":-2.8351869583129885,"z":5.661750793457031},"rotation":{"x":0.27707865834236147,"y":-0.4600023031234741,"z":0.15400081872940064,"w":0.8296209573745728},"size":18.771718978881837,"orthographic":false}