{"cameraMode":{"drawMode":0,"name":"Shaded","section":"Shading Mode"},"sceneLighting":false,"audioPlay":false,"sceneViewState":{"showFog":true,"showMaterialUpdate":true,"showSkybox":false,"showFlares":true,"showImageEffects":true,"showParticleSystems":true},"in2DMode":false,"pivot":{"x":69.83162689208985,"y":0.6907258629798889,"z":-12.350018501281739},"rotation":{"x":-0.10644198209047318,"y":-0.05819324404001236,"z":0.006160276010632515,"w":-0.9927264451980591},"size":2.846621036529541,"orthographic":false}