{"cameraMode":{"drawMode":0,"name":"Shaded","section":"Shading Mode"},"sceneLighting":false,"audioPlay":false,"sceneViewState":{"showFog":false,"showMaterialUpdate":false,"showSkybox":false,"showFlares":false,"showImageEffects":false,"showParticleSystems":false},"in2DMode":false,"pivot":{"x":101.61344146728516,"y":29.4124755859375,"z":112.92875671386719},"rotation":{"x":0.23882566392421723,"y":0.4434720575809479,"z":-0.12387935817241669,"w":0.8549578189849854},"size":208.9054412841797,"orthographic":false}