{"cameraMode":{"drawMode":0,"name":"Shaded","section":"Shading Mode"},"sceneLighting":false,"audioPlay":false,"sceneViewState":{"showFog":false,"showMaterialUpdate":false,"showSkybox":false,"showFlares":false,"showImageEffects":false,"showParticleSystems":false},"in2DMode":false,"pivot":{"x":24.14312744140625,"y":-28.037939071655275,"z":25.257570266723634},"rotation":{"x":0.20729057490825654,"y":0.4717112183570862,"z":-0.11513560265302658,"w":0.8492774963378906},"size":83.05426788330078,"orthographic":false}