{"cameraMode":{"drawMode":0,"name":"Shaded","section":"Shading Mode"},"sceneLighting":false,"audioPlay":false,"sceneViewState":{"showFog":false,"showMaterialUpdate":false,"showSkybox":false,"showFlares":false,"showImageEffects":false,"showParticleSystems":false},"in2DMode":false,"pivot":{"x":-224.79971313476563,"y":162.5099334716797,"z":42.581024169921878},"rotation":{"x":0.2711314558982849,"y":0.7170145511627197,"z":-0.3708489239215851,"w":0.5253961086273193},"size":173.148681640625,"orthographic":false}