{"cameraMode":{"drawMode":0,"name":"Shaded","section":"Shading Mode"},"sceneLighting":false,"audioPlay":false,"sceneViewState":{"showFog":false,"showMaterialUpdate":false,"showSkybox":false,"showFlares":false,"showImageEffects":false,"showParticleSystems":false},"in2DMode":false,"pivot":{"x":-1.744421124458313,"y":-8.499374389648438,"z":41.52033233642578},"rotation":{"x":-0.008049226365983487,"y":0.9619073867797852,"z":-0.27181389927864077,"w":-0.02858623117208481},"size":95.40625,"orthographic":false}