{"cameraMode":{"drawMode":0,"name":"Shaded","section":"Shading Mode"},"sceneLighting":false,"audioPlay":false,"sceneViewState":{"showFog":false,"showMaterialUpdate":false,"showSkybox":false,"showFlares":false,"showImageEffects":false,"showParticleSystems":false},"in2DMode":false,"pivot":{"x":-5.19647216796875,"y":0.9152145385742188,"z":53.430442810058597},"rotation":{"x":-0.23735199868679048,"y":-0.5902602076530457,"z":0.18580985069274903,"w":-0.7496275305747986},"size":144.7933807373047,"orthographic":false}