{"cameraMode":{"drawMode":0,"name":"Shaded","section":"Shading Mode"},"sceneLighting":false,"audioPlay":false,"sceneViewState":{"showFog":false,"showMaterialUpdate":false,"showSkybox":false,"showFlares":false,"showImageEffects":false,"showParticleSystems":false},"in2DMode":false,"pivot":{"x":2.644796848297119,"y":-1.2199230194091797,"z":52.25361251831055},"rotation":{"x":-0.15975916385650636,"y":-0.029636593535542489,"z":0.004859277047216892,"w":-0.9868159294128418},"size":92.43441772460938,"orthographic":false}