{"cameraMode":{"drawMode":0,"name":"Shaded","section":"Shading Mode"},"sceneLighting":false,"audioPlay":false,"sceneViewState":{"showFog":false,"showMaterialUpdate":false,"showSkybox":false,"showFlares":false,"showImageEffects":false,"showParticleSystems":false},"in2DMode":false,"pivot":{"x":2.874401330947876,"y":0.3980097770690918,"z":15.942193031311036},"rotation":{"x":0.1234465017914772,"y":0.112059086561203,"z":-0.013799351640045643,"w":0.9861748218536377},"size":24.276369094848634,"orthographic":false}