{"cameraMode":{"drawMode":0,"name":"Shaded","section":"Shading Mode"},"sceneLighting":false,"audioPlay":false,"sceneViewState":{"showFog":false,"showMaterialUpdate":false,"showSkybox":false,"showFlares":false,"showImageEffects":false,"showParticleSystems":false},"in2DMode":false,"pivot":{"x":49.16011047363281,"y":45.7403564453125,"z":63.676055908203128},"rotation":{"x":-0.2106906622648239,"y":-0.6871346831321716,"z":0.21935711801052094,"w":-0.6600130200386047},"size":81.52193450927735,"orthographic":false}