{"cameraMode":{"drawMode":0,"name":"Shaded","section":"Shading Mode"},"sceneLighting":false,"audioPlay":false,"sceneViewState":{"showFog":false,"showMaterialUpdate":false,"showSkybox":false,"showFlares":false,"showImageEffects":false,"showParticleSystems":false},"in2DMode":false,"pivot":{"x":0.6591011881828308,"y":-2.400735378265381,"z":0.18096494674682618},"rotation":{"x":-0.015724876895546914,"y":0.8511027097702026,"z":-0.5241618156433106,"w":-0.025543708354234697},"size":7.831873416900635,"orthographic":false}