{"cameraMode":{"drawMode":0,"name":"Shaded","section":"Shading Mode"},"sceneLighting":false,"audioPlay":false,"sceneViewState":{"showFog":false,"showMaterialUpdate":false,"showSkybox":false,"showFlares":false,"showImageEffects":false,"showParticleSystems":false},"in2DMode":false,"pivot":{"x":112.7125244140625,"y":-54.72893524169922,"z":124.58218383789063},"rotation":{"x":-0.18107445538043977,"y":-0.6390265822410584,"z":0.15852220356464387,"w":-0.7308012843132019},"size":270.5007629394531,"orthographic":false}