{"cameraMode":{"drawMode":0,"name":"Shaded","section":"Shading Mode"},"sceneLighting":false,"audioPlay":false,"sceneViewState":{"showFog":true,"showMaterialUpdate":false,"showSkybox":false,"showFlares":true,"showImageEffects":true,"showParticleSystems":true},"in2DMode":false,"pivot":{"x":78.16999816894531,"y":18.200000762939454,"z":76.07282257080078},"rotation":{"x":-0.2660868465900421,"y":0.45571961998939516,"z":-0.14487972855567933,"w":-0.8369776010513306},"size":272.9458923339844,"orthographic":false}