{"cameraMode":{"drawMode":0,"name":"Shaded","section":"Shading Mode"},"sceneLighting":false,"audioPlay":false,"sceneViewState":{"showFog":true,"showMaterialUpdate":false,"showSkybox":false,"showFlares":true,"showImageEffects":true,"showParticleSystems":true},"in2DMode":false,"pivot":{"x":-41.43321228027344,"y":-41.26667785644531,"z":60.108272552490237},"rotation":{"x":-0.289002925157547,"y":0.3447619378566742,"z":-0.11245882511138916,"w":-0.8859904408454895},"size":124.4133071899414,"orthographic":false}