{"cameraMode":{"drawMode":0,"name":"Shaded","section":"Shading Mode"},"sceneLighting":false,"audioPlay":false,"sceneViewState":{"showFog":true,"showMaterialUpdate":false,"showSkybox":false,"showFlares":true,"showImageEffects":true,"showParticleSystems":true},"in2DMode":false,"pivot":{"x":2.74981689453125,"y":3.729870319366455,"z":5.193363189697266},"rotation":{"x":0.016183609142899514,"y":0.027590550482273103,"z":0.00044990458991378546,"w":-0.9994960427284241},"size":20.19151496887207,"orthographic":false}