{"cameraMode":{"drawMode":0,"name":"Shaded","section":"Shading Mode"},"sceneLighting":false,"audioPlay":false,"sceneViewState":{"showFog":true,"showMaterialUpdate":false,"showSkybox":false,"showFlares":true,"showImageEffects":true,"showParticleSystems":true},"in2DMode":false,"pivot":{"x":0.7486790418624878,"y":8.374324798583985,"z":189.7639923095703},"rotation":{"x":-0.00781044689938426,"y":0.003598141949623823,"z":-0.00003597072645789012,"w":-0.9999896287918091},"size":233.7873992919922,"orthographic":false}