{"cameraMode":{"drawMode":0,"name":"Shaded","section":"Shading Mode"},"sceneLighting":false,"audioPlay":false,"sceneViewState":{"showFog":true,"showMaterialUpdate":false,"showSkybox":false,"showFlares":true,"showImageEffects":true,"showParticleSystems":true},"in2DMode":false,"pivot":{"x":-30.76500701904297,"y":4.2458648681640629,"z":31.928497314453126},"rotation":{"x":-0.2660868465900421,"y":0.45571961998939516,"z":-0.14487972855567933,"w":-0.8369776010513306},"size":141.40277099609376,"orthographic":false}