{"cameraMode":{"drawMode":0,"name":"Shaded","section":"Shading Mode"},"sceneLighting":false,"audioPlay":false,"sceneViewState":{"showFog":true,"showMaterialUpdate":true,"showSkybox":true,"showFlares":true,"showImageEffects":true,"showParticleSystems":true},"in2DMode":false,"pivot":{"x":4.862852096557617,"y":10.396989822387696,"z":-15.506843566894532},"rotation":{"x":-0.24949577450752259,"y":0.22729437053203584,"z":-0.06168365105986595,"w":-0.939757227897644},"size":28.33552360534668,"orthographic":false}