{"cameraMode":{"drawMode":0,"name":"Shaded","section":"Shading Mode"},"sceneLighting":false,"audioPlay":false,"sceneViewState":{"showFog":true,"showMaterialUpdate":false,"showSkybox":false,"showFlares":true,"showImageEffects":true,"showParticleSystems":true},"in2DMode":false,"pivot":{"x":-12.92496395111084,"y":-27.765884399414064,"z":119.0977783203125},"rotation":{"x":0.15577343106269837,"y":-0.07844672352075577,"z":0.012407355010509491,"w":0.9846631288528442},"size":139.9697723388672,"orthographic":false}