{"cameraMode":{"drawMode":0,"name":"Shaded","section":"Shading Mode"},"sceneLighting":false,"audioPlay":false,"sceneViewState":{"showFog":false,"showMaterialUpdate":false,"showSkybox":false,"showFlares":false,"showImageEffects":false,"showParticleSystems":false},"in2DMode":false,"pivot":{"x":-81.04973602294922,"y":-31.386201858520509,"z":250.71762084960938},"rotation":{"x":0.14521527290344239,"y":-0.6382752656936646,"z":0.12434834986925125,"w":0.7460774183273315},"size":217.5128936767578,"orthographic":false}