{"cameraMode":{"drawMode":0,"name":"Shaded","section":"Shading Mode"},"sceneLighting":false,"audioPlay":false,"sceneViewState":{"showFog":true,"showMaterialUpdate":true,"showSkybox":false,"showFlares":true,"showImageEffects":true,"showParticleSystems":true},"in2DMode":false,"pivot":{"x":-0.16000008583068849,"y":2.446000099182129,"z":2.2699999809265138},"rotation":{"x":0.028208373114466668,"y":0.008163264952600003,"z":-0.0008577177650295198,"w":-0.9999926686286926},"size":13.772464752197266,"orthographic":false}